Название,Цена,Ссылка
Светильник потолочный Орхус Black,16990,https://www.divan.ru/product/svetilnik-potolochnyj-orhus-black
Светильник потолочный Орхус White,16990,https://www.divan.ru/product/svetilnik-potolochnyj-orhus-white
Светильник потолочный Ринга Black,3990,https://www.divan.ru/product/svetilnik-potolochnyj-ringa-black
Светильник потолочный Ринга White,3990,https://www.divan.ru/product/svetilnik-potolochnyj-ringa-white
Светильник потолочный Лаго White,11990,https://www.divan.ru/product/svetilnik-potolochnyj-lago-white
Спот Лайт-1 White,2890,https://www.divan.ru/product/spot-lajt-1-white
Бра Равелло Black,5890,https://www.divan.ru/product/bra-ravello-black
Бра Твинки Black,3690,https://www.divan.ru/product/bra-tvinki-black
Бра Твинки Grey,3690,https://www.divan.ru/product/bra-tvinki-grey
Бра Брик Black,4190,https://www.divan.ru/product/bra-brik-black
Подвесной светильник Талли Black,7490,https://www.divan.ru/product/podvesnoj-svetilnik-talli-black
Спот Лайт-1 White,2890,https://www.divan.ru/product/spot-lajt-1-white
Подвесной светильник Рена Green,4990,https://www.divan.ru/product/podvesnoj-svetilnik-rena-green
Подвесной светильник Кронор Orange,6490,https://www.divan.ru/product/podvesnoj-svetilnik-kronor-orange
Подвесной светильник Намсен Black,9990,https://www.divan.ru/product/podvesnoj-svetilnik-namsen-black
Подвесной светильник Тубули-5 Wood,11990,https://www.divan.ru/product/podvesnoj-svetilnik-tubuli-5-wood
Подвесной светильник Отра Wood,15490,https://www.divan.ru/product/podvesnoj-svetilnik-otra-wood
Подвесной светильник Арвика Wood,7990,https://www.divan.ru/product/podvesnoj-svetilnik-arvika-wood
Подвесной светильник Гронтри-1 Wood,10990,https://www.divan.ru/product/podvesnoj-svetilnik-grontri-1-wood
Подвесной светильник Джамби Rattan,11990,https://www.divan.ru/product/podvesnoj-svetilnik-djambi-rattan
Подвесной светильник Бейла Black,5990,https://www.divan.ru/product/podvesnoj-svetilnik-bejla-black
Подвесной светильник Бьйорк White,7990,https://www.divan.ru/product/podvesnoj-svetilnik-bjork-white
Подвесной светильник Селау Glass,5990,https://www.divan.ru/product/podvesnoj-svetilnik-selau-glass
Подвесной светильник Ферум Black,3990,https://www.divan.ru/product/podvesnoj-svetilnik-ferum-black
Подвесной светильник Бенфлит Black,6990,https://www.divan.ru/product/podvesnoj-svetilnik-benflit-black
Подвесной светильник Чинкве Silver,5990,https://www.divan.ru/product/podvesnoj-svetilnik-chinkve-silver
Подвесной светильник Исбит Transparent,7990,https://www.divan.ru/product/podvesnoj-svetilnik-isbit-transparent
Подвесной светильник Инлада Wood,7990,https://www.divan.ru/product/podvesnoj-svetilnik-inlada-wood
Подвесной светильник Гронтри-2 Wood,13990,https://www.divan.ru/product/podvesnoj-svetilnik-grontri-2-wood
Подвесной светильник Джамби-1 Rattan,9990,https://www.divan.ru/product/podvesnoj-svetilnik-djambi-1-rattan
Подвесной светильник Чинкве Gold,5990,https://www.divan.ru/product/podvesnoj-svetilnik-chinkve-gold
Подвесной светильник Ферум Orange,4990,https://www.divan.ru/product/podvesnoj-svetilnik-ferum-orange
Подвесной светильник Тубули Wood,2990,https://www.divan.ru/product/podvesnoj-svetilnik-tubuli-wood
Подвесной светильник Квина Black,6990,https://www.divan.ru/product/podvesnoj-svetilnik-kvina-black
Подвесной светильник Кронор Black,6490,https://www.divan.ru/product/podvesnoj-svetilnik-kronor-black
Подвесной светильник Фюн White,4490,https://www.divan.ru/product/podvesnoj-svetilnik-fyun-white
Подвесной светильник Чинкве Gray,5990,https://www.divan.ru/product/podvesnoj-svetilnik-chinkve-gray
Подвесной светильник Селау-2 Glass,3490,https://www.divan.ru/product/podvesnoj-svetilnik-selau-2-glass
Подвесной светильник Гронтри Wood,10990,https://www.divan.ru/product/podvesnoj-svetilnik-grontri-wood
Подвесной светильник Бейла White,5990,https://www.divan.ru/product/podvesnoj-svetilnik-bejla-white
Подвесной светильник Флиммер Black,1890,https://www.divan.ru/product/podvesnoj-svetilnik-flimmer-black
Подвесной светильник Малинг Olive,5990,https://www.divan.ru/product/podvesnoj-svetilnik-maling-olive
Подвесной светильник Рена White,3990,https://www.divan.ru/product/podvesnoj-svetilnik-rena-white
Подвесной светильник Скара Wood,3490,https://www.divan.ru/product/podvesnoj-svetilnik-skara-wood
Подвесной светильник Малинг Orange,6690,https://www.divan.ru/product/podvesnoj-svetilnik-maling-orange
Подвесной светильник Кронор White,7990,https://www.divan.ru/product/podvesnoj-svetilnik-kronor-white
Подвесной светильник Селау-1 Glass,4990,https://www.divan.ru/product/podvesnoj-svetilnik-selau-1-glass
Подвесной светильник Ливсден Brown,3690,https://www.divan.ru/product/podvesnoj-svetilnik-livsden-brown
Подвесной светильник Клауд White,8990,https://www.divan.ru/product/podvesnoj-svetilnik-klaud-white
Подвесной светильник Малинг Black,6990,https://www.divan.ru/product/podvesnoj-svetilnik-maling-black
Подвесной светильник Ферум Grey,3990,https://www.divan.ru/product/podvesnoj-svetilnik-ferum-grey
Подвесной светильник Кая Black,2890,https://www.divan.ru/product/podvesnoj-svetilnik-kaya-black
Подвесной светильник Кэндел Black,2490,https://www.divan.ru/product/podvesnoj-svetilnik-kendel-black
Подвесной светильник Малинг Beige,5490,https://www.divan.ru/product/podvesnoj-svetilnik-maling-beige
Подвесной светильник Портланд Black,3590,https://www.divan.ru/product/podvesnoj-svetilnik-portland-black
Подвесной светильник Бабл-9,22590,https://www.divan.ru/product/podvesnoj-svetilnik-babl-9
Подвесной светильник Кэндел White,2490,https://www.divan.ru/product/podvesnoj-svetilnik-kendel-white
Подвесной светильник Бабл-3,7590,https://www.divan.ru/product/podvesnoj-svetilnik-babl-3
Подвесной светильник Сансет Black,5990,https://www.divan.ru/product/podvesnoj-svetilnik-sanset-black
Подвесной светильник Priddy,9890,https://www.divan.ru/product/podvesnoj-svetilnik-priddy
Подвесной светильник Сансет White,5990,https://www.divan.ru/product/podvesnoj-svetilnik-sanset-white
Подвесной светильник Маро Green,7590,https://www.divan.ru/product/podvesnoj-svetilnik-maro-green
Подвесной светильник Moderli Lewes,14690,https://www.divan.ru/product/podvesnoj-svetilnik-moderli-lewes
Подвесной светильник Narices-1,30290,https://www.divan.ru/product/podvesnoj-svetilnik-narices-1
Подвесной светильник Полярик Silver,5590,https://www.divan.ru/product/podvesnoj-svetilnik-polyarik-silver
Подвесной светильник Moderli Host-1,4290,https://www.divan.ru/product/podvesnoj-svetilnik-moderli-host-1
Подвесной светильник Ридж White,3290,https://www.divan.ru/product/podvesnoj-svetilnik-ridj-white
Подвесной светильник Ридж Grey,3490,https://www.divan.ru/product/podvesnoj-svetilnik-ridj-grey
Подвесной светильник Плейн White,10990,https://www.divan.ru/product/podvesnoj-svetilnik-plejn-white
Подвесной светильник Ринна Beige,5590,https://www.divan.ru/product/podvesnoj-svetilnik-rinna-beige
Подвесной светильник Ори Black,3090,https://www.divan.ru/product/podvesnoj-svetilnik-ori-black
Подвесной светильник Селф Black,4190,https://www.divan.ru/product/podvesnoj-svetilnik-self-black
Подвесной светильник Ринна White,5590,https://www.divan.ru/product/podvesnoj-svetilnik-rinna-white
Подвесной светильник Альта White,3990,https://www.divan.ru/product/podvesnoj-svetilnik-alta-white
Подвесной светильник Агато Black,9490,https://www.divan.ru/product/podvesnoj-svetilnik-agato-black
Подвесной светильник Клэри BLack,9490,https://www.divan.ru/product/podvesnoj-svetilnik-kleri-black
Подвесной светильник Лечче Black,4990,https://www.divan.ru/product/podvesnoj-svetilnik-lechche-black
Подвесной светильник Онтарио Brown,12390,https://www.divan.ru/product/podvesnoj-svetilnik-ontario-brown
Подвесной светильник Эйр Beige,5990,https://www.divan.ru/product/podvesnoj-svetilnik-ejr-beige
Подвесной светильник Агато Brown,9490,https://www.divan.ru/product/podvesnoj-svetilnik-agato-brown
Подвесной светильник Клэри Brown,9490,https://www.divan.ru/product/podvesnoj-svetilnik-kleri-brown
Подвесной светильник Альта Gold,4290,https://www.divan.ru/product/podvesnoj-svetilnik-alta-gold
Подвесной светильник Мантис Black,17990,https://www.divan.ru/product/podvesnoj-svetilnik-mantis-black
Подвесной светильник Эйр Brown,5990,https://www.divan.ru/product/podvesnoj-svetilnik-ejr-brown
Подвесной светильник Онтарио Gray,12390,https://www.divan.ru/product/podvesnoj-svetilnik-ontario-gray
Подвесной светильник Фиона Gray,3090,https://www.divan.ru/product/podvesnoj-svetilnik-fiona-gray
Подвесной светильник Вэлли Gray,6490,https://www.divan.ru/product/podvesnoj-svetilnik-velli-gray
Подвесной светильник Мантис Olive,17990,https://www.divan.ru/product/podvesnoj-svetilnik-mantis-olive
Подвесной светильник Вэлли Brown,6490,https://www.divan.ru/product/podvesnoj-svetilnik-velli-brown
Подвесной светильник Эйр White,6290,https://www.divan.ru/product/podvesnoj-svetilnik-ejr-white
Подвесной светильник Пескара Yellow,5190,https://www.divan.ru/product/podvesnoj-svetilnik-peskara-yellow
Подвесной светильник Вэлли Olive,6490,https://www.divan.ru/product/podvesnoj-svetilnik-velli-olive
Подвесной светильник Селф Gray,3990,https://www.divan.ru/product/podvesnoj-svetilnik-self-gray
Подвесной светильник Ори Gold,3090,https://www.divan.ru/product/podvesnoj-svetilnik-ori-gold
Подвесной светильник Онтарио Black,10490,https://www.divan.ru/product/podvesnoj-svetilnik-ontario-black
Подвесной светильник Мантис Brown,17990,https://www.divan.ru/product/podvesnoj-svetilnik-mantis-brown
Подвесной светильник Онтарио Olive,10490,https://www.divan.ru/product/podvesnoj-svetilnik-ontario-olive
Подвесной светильник Альта Black,4290,https://www.divan.ru/product/podvesnoj-svetilnik-alta-black
Подвесной светильник Ринна Black,5290,https://www.divan.ru/product/podvesnoj-svetilnik-rinna-black
Подвесной светильник Фиона Black,2990,https://www.divan.ru/product/podvesnoj-svetilnik-fiona-black
Подвесной светильник Лечче Mint,4590,https://www.divan.ru/product/podvesnoj-svetilnik-lechche-mint
Подвесной светильник Дроп Beige,3490,https://www.divan.ru/product/podvesnoj-svetilnik-drop-beige
Подвесной светильник Лума White,4190,https://www.divan.ru/product/podvesnoj-svetilnik-luma-white
Подвесной светильник Дроп Black,2790,https://www.divan.ru/product/podvesnoj-svetilnik-drop-black
Подвесной светильник Дроп Gray,2990,https://www.divan.ru/product/podvesnoj-svetilnik-drop-gray
Подвесной светильник Пескара Green,5090,https://www.divan.ru/product/podvesnoj-svetilnik-peskara-green
Подвесной светильник Лума Black,4090,https://www.divan.ru/product/podvesnoj-svetilnik-luma-black
Подвесной светильник Дроп White,2990,https://www.divan.ru/product/podvesnoj-svetilnik-drop-white
Подвесной светильник Лума Gold,4990,https://www.divan.ru/product/podvesnoj-svetilnik-luma-gold
Подвесной светильник Флейк White,6990,https://www.divan.ru/product/podvesnoj-svetilnik-flejk-white
Подвесной светильник Рэн Beige,8990,https://www.divan.ru/product/podvesnoj-svetilnik-ren-beige
Подвесной светильник Пескара Black,7190,https://www.divan.ru/product/podvesnoj-svetilnik-peskara-black
Подвесной светильник Лечче Rose,5090,https://www.divan.ru/product/podvesnoj-svetilnik-lechche-rose
Подвесной светильник Плейн Black,11990,https://www.divan.ru/product/podvesnoj-svetilnik-plejn-black
Подвесной светильник Рэн Gray,8990,https://www.divan.ru/product/podvesnoj-svetilnik-ren-gray
Люстра Гейза Black,10990,https://www.divan.ru/product/lyustra-gejza-black
Люстра Малинг Multi,15490,https://www.divan.ru/product/lyustra-maling-multi
Люстра Боллар White,22990,https://www.divan.ru/product/lyustra-bollar-white
Люстра Синдри Black,14990,https://www.divan.ru/product/lyustra-sindri-black
Люстра Ливсден Brown,15990,https://www.divan.ru/product/lyustra-livsden-brown
Люстра Флиммер Black,8990,https://www.divan.ru/product/lyustra-flimmer-black
Подвесной светильник Moderli Lewes,14690,https://www.divan.ru/product/podvesnoj-svetilnik-moderli-lewes
Подвесной светильник Narices-1,30290,https://www.divan.ru/product/podvesnoj-svetilnik-narices-1
Подвесной светильник Бабл-3,7590,https://www.divan.ru/product/podvesnoj-svetilnik-babl-3
Подвесной светильник Бабл-9,22590,https://www.divan.ru/product/podvesnoj-svetilnik-babl-9
Подвесной светильник Бенфлит Black,6990,https://www.divan.ru/product/podvesnoj-svetilnik-benflit-black
Подвесной светильник Бьйорк White,7990,https://www.divan.ru/product/podvesnoj-svetilnik-bjork-white
Подвесной светильник Квина Black,6990,https://www.divan.ru/product/podvesnoj-svetilnik-kvina-black
Подвесной светильник Намсен Black,9990,https://www.divan.ru/product/podvesnoj-svetilnik-namsen-black
Подвесной светильник Тубули-5 Wood,11990,https://www.divan.ru/product/podvesnoj-svetilnik-tubuli-5-wood
Торшер Бьйорк White,11990,https://www.divan.ru/product/torsher-bjork-white
Торшер Логмар Black,17990,https://www.divan.ru/product/torsher-logmar-black
Торшер Алней Green,7990,https://www.divan.ru/product/torsher-alnej-green
Торшер Осло Blue,14990,https://www.divan.ru/product/torsher-oslo-blue
Торшер Энкель Black,5990,https://www.divan.ru/product/torsher-enkel-black
Торшер Осло Black,14990,https://www.divan.ru/product/torsher-oslo-black
Торшер Флиммер Black,4990,https://www.divan.ru/product/torsher-flimmer-black
Торшер Логмар Silver,17990,https://www.divan.ru/product/torsher-logmar-silver
Торшер Сканди White,9990,https://www.divan.ru/product/torsher-skandi-white
Торшер Бабл-1,8690,https://www.divan.ru/product/torsher-babl-1
Торшер Билли White,19690,https://www.divan.ru/product/torsher-billi-white
Торшер Алней Beige,7990,https://www.divan.ru/product/torsher-alnej-beige
Торшер Варио White,7590,https://www.divan.ru/product/torsher-vario-white
Торшер Moderli Suspent,7790,https://www.divan.ru/product/torsher-moderli-suspent
Торшер Омаха White,9790,https://www.divan.ru/product/torsher-omaha-white
Торшер Портланд Black,5990,https://www.divan.ru/product/torsher-portland-black
Торшер Вена Beige,11990,https://www.divan.ru/product/torsher-vena-beige
Торшер Ливсден Brown,11990,https://www.divan.ru/product/torsher-livsden-brown
Торшер Гросс White,7990,https://www.divan.ru/product/torsher-gross-white
Торшер Алней Black,7990,https://www.divan.ru/product/torsher-alnej-black
Торшер Рэй Black,5290,https://www.divan.ru/product/torsher-rej-black
Торшер Алней Orange,7990,https://www.divan.ru/product/torsher-alnej-orange
Торшер Осло White,16990,https://www.divan.ru/product/torsher-oslo-white
Торшер Клауд White,18290,https://www.divan.ru/product/torsher-klaud-white
Торшер Раффи Round,11990,https://www.divan.ru/product/torsher-raffi-round
Торшер Мун Black,8990,https://www.divan.ru/product/torsher-mun-black
Торшер Отто Black,7990,https://www.divan.ru/product/torsher-otto-black
Торшер Флинт-1 White,15990,https://www.divan.ru/product/torsher-flint-1-white
Торшер Нидлс Khaki,14990,https://www.divan.ru/product/torsher-nidls-khaki
Торшер Грено Black,11990,https://www.divan.ru/product/torsher-greno-black
Торшер Moderli Floor White,7990,https://www.divan.ru/product/torsher-moderli-floor-white
Торшер Шоу Black,11990,https://www.divan.ru/product/torsher-shou-black
Торшер Вена Black,11990,https://www.divan.ru/product/torsher-vena-black
Торшер Флейк White,13190,https://www.divan.ru/product/torsher-flejk-white
Настольная лампа Арвика Wood,5990,https://www.divan.ru/product/nastolnaya-lampa-arvika-wood
Настольная лампа Бьйорк White,3990,https://www.divan.ru/product/nastolnaya-lampa-bjork-white
Настольная лампа Гейза Blue,3990,https://www.divan.ru/product/nastolnaya-lampa-gejza-blue
Настольная лампа Истад Black,1990,https://www.divan.ru/product/nastolnaya-lampa-istad-black
Настольная лампа Спайк Pink,1390,https://www.divan.ru/product/nastolnaya-lampa-spajk-pink
Настольная лампа Астри Black,1690,https://www.divan.ru/product/nastolnaya-lampa-astri-black
Настольная лампа Клауд White,15990,https://www.divan.ru/product/nastolnaya-lampa-klaud-white
Настольная лампа Требен Orange,2990,https://www.divan.ru/product/nastolnaya-lampa-treben-orange
Настольная лампа Снибальд White,990,https://www.divan.ru/product/nastolnaya-lampa-snibald-white
Настольная лампа Арбет Beige,2390,https://www.divan.ru/product/nastolnaya-lampa-arbet-beige
Настольная лампа Гейза Orange,2490,https://www.divan.ru/product/nastolnaya-lampa-gejza-orange
Настольная лампа Спайк White,1390,https://www.divan.ru/product/nastolnaya-lampa-spajk-white
Настольная лампа Астри Beige,1690,https://www.divan.ru/product/nastolnaya-lampa-astri-beige
Настольная лампа Рибе Black,1990,https://www.divan.ru/product/nastolnaya-lampa-ribe-black
Настольная лампа Гейза Pink,3990,https://www.divan.ru/product/nastolnaya-lampa-gejza-pink
Настольная лампа Машрум Pink,3990,https://www.divan.ru/product/nastolnaya-lampa-mashrum-pink
Настольная лампа Гейза Black,2490,https://www.divan.ru/product/nastolnaya-lampa-gejza-black
Настольная лампа Леррет White,2590,https://www.divan.ru/product/nastolnaya-lampa-lerret-white
Настольная лампа Истад White,1990,https://www.divan.ru/product/nastolnaya-lampa-istad-white
Настольная лампа Ливсден Brown,8990,https://www.divan.ru/product/nastolnaya-lampa-livsden-brown
Настольная лампа Алней Orange,3990,https://www.divan.ru/product/nastolnaya-lampa-alnej-orange
Настольная лампа Флиммер Black,1990,https://www.divan.ru/product/nastolnaya-lampa-flimmer-black
Настольная лампа Требен White,2990,https://www.divan.ru/product/nastolnaya-lampa-treben-white
Настольная лампа Арбет Silver,2490,https://www.divan.ru/product/nastolnaya-lampa-arbet-silver
Настольная лампа Синдри Grey,4390,https://www.divan.ru/product/nastolnaya-lampa-sindri-grey
Настольная лампа Манэт White,2690,https://www.divan.ru/product/nastolnaya-lampa-manet-white
Настольная лампа Арбет Orange,2390,https://www.divan.ru/product/nastolnaya-lampa-arbet-orange
Настольная лампа Арбет White,2390,https://www.divan.ru/product/nastolnaya-lampa-arbet-white
Настольная лампа Гросс White,3490,https://www.divan.ru/product/nastolnaya-lampa-gross-white
Настольная лампа Арбет Black,1990,https://www.divan.ru/product/nastolnaya-lampa-arbet-black
Настольная лампа Дэнди Black,5990,https://www.divan.ru/product/nastolnaya-lampa-dendi-black
Настольная лампа Дэнди White,5990,https://www.divan.ru/product/nastolnaya-lampa-dendi-white
Настольная лампа Moderli Suspent,4090,https://www.divan.ru/product/nastolnaya-lampa-moderli-suspent
Настольная лампа Омаха White,8790,https://www.divan.ru/product/nastolnaya-lampa-omaha-white
Настольная лампа Шоу Black,6990,https://www.divan.ru/product/nastolnaya-lampa-shou-black
Настольная лампа Леррет Beige,3990,https://www.divan.ru/product/nastolnaya-lampa-lerret-beige
Настольная лампа Алней Black,3990,https://www.divan.ru/product/nastolnaya-lampa-alnej-black
Настольная лампа Рибе Orange,1990,https://www.divan.ru/product/nastolnaya-lampa-ribe-orange
Настольная лампа Машрум Olive,3990,https://www.divan.ru/product/nastolnaya-lampa-mashrum-olive
Настольная лампа Сканди White,4690,https://www.divan.ru/product/nastolnaya-lampa-skandi-white
Настольная лампа Алней Green,3990,https://www.divan.ru/product/nastolnaya-lampa-alnej-green
Настольная лампа Спайк Green,990,https://www.divan.ru/product/nastolnaya-lampa-spajk-green
Настольная лампа Рэй Black,3590,https://www.divan.ru/product/nastolnaya-lampa-rej-black
Настольная лампа Алней Beige,3990,https://www.divan.ru/product/nastolnaya-lampa-alnej-beige
Настольная лампа Нидлс Raffia Beige,4990,https://www.divan.ru/product/nastolnaya-lampa-nidls-raffia-beige
Настольная лампа Отто Black,4790,https://www.divan.ru/product/nastolnaya-lampa-otto-black
Настольная лампа Сфера Black,5390,https://www.divan.ru/product/nastolnaya-lampa-sfera-black
Настольная лампа Гровер Glass,6490,https://www.divan.ru/product/nastolnaya-lampa-grover-glass
Настольная лампа Раффи Round,6990,https://www.divan.ru/product/nastolnaya-lampa-raffi-round
Настольная лампа Флейк White,7990,https://www.divan.ru/product/nastolnaya-lampa-flejk-white
Настольная лампа Сфера Orange,5390,https://www.divan.ru/product/nastolnaya-lampa-sfera-orange
Настольная лампа Спайк Orange,990,https://www.divan.ru/product/nastolnaya-lampa-spajk-orange
Настольная лампа Флинт White,7190,https://www.divan.ru/product/torsher-flint-white
Бра Смастен Black,4990,https://www.divan.ru/product/bra-smasten-black
Бра Берит Orange,4990,https://www.divan.ru/product/bra-berit-orange
Бра Бракетт White,4490,https://www.divan.ru/product/bra-brakett-white
Бра Бьйорк White,1990,https://www.divan.ru/product/bra-bjork-white
Бра Пинна Black,6990,https://www.divan.ru/product/bra-pinna-black
Бра Варио White,990,https://www.divan.ru/product/bra-vario-white
Бра Берит Black,5990,https://www.divan.ru/product/bra-berit-black
Бра Смастен White,4990,https://www.divan.ru/product/bra-smasten-white
Бра Бракетт Black,3290,https://www.divan.ru/product/bra-brakett-black
Бра Варио Black,1490,https://www.divan.ru/product/bra-vario-black
Бра Флиммер Black,1690,https://www.divan.ru/product/bra-flimmer-black
Бра Бабл Black,3990,https://www.divan.ru/product/bra-babl-black
Бра Moderli Alina,2790,https://www.divan.ru/product/bra-moderli-alina
Бра Galdakao-1,6590,https://www.divan.ru/product/bra-galdakao
Бра Bolla-Unica,5290,https://www.divan.ru/product/bra-bolla-unica
Бра Cornus White,5290,https://www.divan.ru/product/bra-cornus-white
Бра Nevy Silver,8690,https://www.divan.ru/product/bra-nevy-silver
Бра Твинки Black,3690,https://www.divan.ru/product/bra-tvinki-black
Бра Брик Black,4190,https://www.divan.ru/product/bra-brik-black
Бра Твинки Grey,3690,https://www.divan.ru/product/bra-tvinki-grey
